Spec_ID,Код продукту,Назва з номенклатури/специфікації,Категорія,Назва в журналі (остання),К-сть партій у журналі,Перша дата в журналі,Остання дата в журналі,Останній № партії,Органолептика норма/критерій,Колір,Запах,pH мін,pH макс,Останній pH факт,Остання в'язкість факт,Од. вим. в'язкості,"Остання густина факт, г/мл",Колоїдна стабільність,Термостабільність,Мікробіологія норма,Мікробіологія факт,Умови зберігання,Термін придатності,Статус специфікації,Джерело,Примітка,pH специфікація (норма),Густина специфікація,В'язкість специфікація,PAO (після відкриття)
SPEC-RP001-v1.0,RP001,Шампунь Anti-Dundruff,Волосся,"Шампунь Anti-Dundruff, RP001",2,2024-08-08,2024-09-24,09/24,відповідає,"від світло-бежевого до жовтого кольору прозорий гель, допускається незначна опалісценція",згідно затвердженого зразку,5,6,5.8,Н/З,,,стабільний,стабільний,не виявлено,не виявлено,"+5…+25 °C, сухе темне місце, щільно закрита тара",24 місяці від дати виготовлення,потребує верифікації технологом,Номенклатура + журнал партій (2 партій),Норми з журналу потрібно затвердити технологом.,"5,0-6,0","0,95-1,05 г/мл",S4V60Cp=3000-6000 mPas,12М
SPEC-RP002-v1.0,RP002,безсульфатний шампунь з гідролізатом шовку та аргановою олією,Волосся,шампуньбезсульфатний з гідролізатом шовку тааргановою олією RP002,7,2024-08-23,2026-02-11,11/02/26(1),відповідає,"від світло-бежевого до жовтого кольору прозорий гель, допускається незначна опалісценція",згідно затвердженого зразку,5,6,6.8,"S3V12Cp=7667mPas76,6%",,"0,93",стабільний,стабільний,не виявлено,не виявлено,"+5…+25 °C, сухе темне місце, щільно закрита тара",24 місяці від дати виготовлення,затверджено,Номенклатура + журнал партій (7 партій),Норми з журналу потрібно затвердити технологом.,"5,0-6,0","0,9-1,0 г/мл",S3V12 Cp=5000-8000 mPas,12М
SPEC-RP003-v1.0,RP003,безсульфатний шампунь з кератином та провітаміном В5,Волосся,"безсульфатний шампунь з кератином та провітаміном В5, RP003",3,2024-09-11,2025-01-10,01/25,відповідає,"від світло-бежевого до жовтого кольору прозорий гель, допускається незначна опалісценція",згідно затвердженого зразку,5,6,5.3,Н/З,,,стабільний,стабільний,не виявлено,не виявлено,"+5…+25 °C, сухе темне місце, щільно закрита тара",24 місяці від дати виготовлення,підтверджено з журналу,Номенклатура + журнал партій (3 партій),Норми з журналу потрібно затвердити технологом.,"5,0-6,0","0,9-1,0 г/мл",S3V12Cp=3000-6000mPas,12М
SPEC-RP004-v1.0,RP004,безсульфатний шампунь проти випадіння волосся з ніцинамідом та пребіотиком,Волосся,"безсульфатний шампунь проти випадіння волосся з ніцинамідом та пребіотиком, RP004",8,2024-09-09,2025-12-09,09/12/25(3),відповідає,"від світло-бежевого до жовтого кольору прозорий гель, допускається незначна опалісценція",згідно затвердженого зразку,5,6,5.6,"Cp=7444mpas, 74,4% S3V12",,"0,86",стабільний,стабільний,не виявлено,не виявлено,"+5…+25 °C, сухе темне місце, щільно закрита тара",24 місяці від дати виготовлення,затверджено,Номенклатура + журнал партій (8 партій),Норми з журналу потрібно затвердити технологом.,"5,0-7,0","0,85-0,95 г/мл",S3V12 Cp=4500-9000 mpas,12М
SPEC-RP006-v1.0,RP006,Кондиціонер для волосся Argan Oil + Keratin,Волосся,"Кондиціонер для волосся Argan Oil + Keratin, RP006",3,2024-11-15,2025-07-15,07/25,відповідає,білий або світло-бежевий,згідно затвердженого зразку,5,6,5.5,"Cp=28.93 pas, 36.1% S3V1,5",,,стабільний,стабільний,не виявлено,не виявлено,"+5…+25 °C, сухе темне місце, щільно закрита тара",24 місяці від дати виготовлення,підтверджено з журналу,Номенклатура + журнал партій (3 партій),Норми з журналу потрібно затвердити технологом.,"4,5-5,5","0,8-0,95г/мл",S4V60 Cp=100-300 mPas,12М
SPEC-RP007-v1.0,RP007,Маска для волосся Argan Oil + Keratin,Волосся,"маска для волосся Argana oil, keratin RP007",3,2025-02-21,2026-01-23,23/01/26(1),відповідає,білий або світло-бежевий,згідно затвердженого зразку,"3,5",6,5.1,"S4V6Cp=60,05mPas60%",,"0,79",стабільний,стабільний,не виявлено,не виявлено,"+5…+25 °C, сухе темне місце, щільно закрита тара",24 місяці від дати виготовлення,затверджено,Номенклатура + журнал партій (3 партій),Норми з журналу потрібно затвердити технологом.,"4,5-5,5","0,79-0,89 г/мл",S4V6 Cp=20-70 mPas,12М
SPEC-RP008-v1.0,RP008,Шампунь Jojoba+Peptide Complex,Волосся,шампунь Жожоба пептиди RP008,3,2024-10-10,2026-03-13,13/03/26(4),відповідає,"від світло-бежевого до жовтого кольору прозорий гель, допускається незначна опалісценція",згідно затвердженого зразку,5,6,6.1,"S3V12Cp=5814mPas58,1%",,"0,98",стабільний,стабільний,не виявлено,не виявлено,"+5…+25 °C, сухе темне місце, щільно закрита тара",24 місяці від дати виготовлення,затверджено,Номенклатура + журнал партій (3 партій),Норми з журналу потрібно затвердити технологом.,"5,5-6,5","0,9-1,0 г/мл",S3V12 Cp=3500-7000 mPas,12М
SPEC-RP009-v1.0,RP009,Кондиціонер для волосся Jojoba+Peptide Complex,Волосся,"Кондиціонер для волосся Jojoba+Peptide Complex, RP009",11,2024-08-22,2026-03-16,16/03/26(1),відповідає,білий або світло-бежевий,згідно затвердженого зразку,5,6,4.6,"S4V30Cp=7652mPas38,2% S4V30Cp=7589mPas38,8%",,"0,77",стабільний,стабільний,не виявлено,не виявлено,"+5…+25 °C, сухе темне місце, щільно закрита тара",24 місяці від дати виготовлення,затверджено,Номенклатура + журнал партій (11 партій),Норми з журналу потрібно затвердити технологом.,"4,5–6","0,7-0,8 г/мл",S4V30 Cp=7000-10000mPas,12М
SPEC-RP010-v1.0,RP010,Маска для волосся Jojoba+Peptide Complex,Волосся,"Маска для волосся Jojoba+Peptide Complex, RP010",3,2024-12-02,2025-11-06,06/11/2025(1),відповідає,білий або світло-бежевий,згідно затвердженого зразку,5,6,5.1,"Cp=79,50pas, 39,7% S4V3",,,стабільний,стабільний,не виявлено,не виявлено,"+5…+25 °C, сухе темне місце, щільно закрита тара",24 місяці від дати виготовлення,підтверджено з журналу,Номенклатура + журнал партій (3 партій),Норми з журналу потрібно затвердити технологом.,5–6,"0,79-0,89 г/мл","Cp=40-90 pas, S4V3",12М
SPEC-RP011-v1.0,RP011,Шампунь Macadamia+Omega Complex,Волосся,"Шампунь Macadamia+Omega Complex, RP011",2,2025-02-24,2025-08-14,08/25,відповідає,"від світло-бежевого до жовтого кольору прозорий гель, допускається незначна опалісценція",згідно затвердженого зразку,5,6,5.7,"Cp=5290mpas, 52,8% S3V12",,,стабільний,стабільний,не виявлено,не виявлено,"+5…+25 °C, сухе темне місце, щільно закрита тара",24 місяці від дати виготовлення,потребує верифікації технологом,Номенклатура + журнал партій (2 партій),Норми з журналу потрібно затвердити технологом.,"5,0-6,5","0,9-1,0 г/мл","Cp=3000-7000 mpas, S3V12",12М
SPEC-RP012-v1.0,RP012,Кондиціонер для волосся Macadamia+Omega Complex,Волосся,"Кондиціонер для волосся Macadamia+Omega Complex, RP012",1,2025-02-24,2025-02-24,02/25,відповідає,білий або світло-бежевий,згідно затвердженого зразку,"4,5","5,6",5.6,Н/З,,,стабільний,стабільний,Н/З,Н/З,"+5…+25 °C, сухе темне місце, щільно закрита тара",24 місяці від дати виготовлення,"чернетка — 1 партія, мало даних",Номенклатура + журнал партій (1 партій),Норми з журналу потрібно затвердити технологом.,5–6,не нормується,не нормується,12М
SPEC-RP013-v1.0,RP013,Маска для волосся Macadamia+Omega Complex,Волосся,"Маска для волосся Macadamia+Omega Complex, RP013",2,2024-12-19,2025-02-24,02/25,відповідає,білий або світло-бежевий,згідно затвердженого зразку,"4,5","5,6",5.2,Н/З,,,стабільний,стабільний,Н/З,Н/З,"+5…+25 °C, сухе темне місце, щільно закрита тара",24 місяці від дати виготовлення,потребує верифікації технологом,Номенклатура + журнал партій (2 партій),Норми з журналу потрібно затвердити технологом.,5–6,не нормується,не нормується,12М
SPEC-RP014-v1.0,RP014,Шампунь Avocado + Collagen,Волосся,"Маска для обличчя ліпідна з керамідами кремова, RP014",9,2024-08-08,2025-11-24,24/11/25(1),відповідає,білий або світло-бежевий,згідно затвердженого зразку,"4,5","5,6",5.5,"Cp=1545pas, 77,2% S4V0,3",,"0,89",стабільний,стабільний,не виявлено,не виявлено,"+5…+25 °C, сухе темне місце, щільно закрита тара",24 місяці від дати виготовлення,затверджено,Номенклатура + журнал партій (9 партій),Норми з журналу потрібно затвердити технологом.,"5,0-6,5","0,89-0,99 г/мл","Cp=1000-4000 mpas,  S3V30",12М
SPEC-RP015-v1.0,RP015,Кондиціонер для волосся Avocado + Collagen,Волосся,"Кондиціонер для волосся Avocado + Collagen, RP015",6,2024-09-24,2025-08-26,08/25,відповідає,білий або світло-бежевий,згідно затвердженого зразку,"4,5","5,6",5.4,"Cp=19,82pas, 49,4% S3V3",,,стабільний,стабільний,не виявлено,не виявлено,"+5…+25 °C, сухе темне місце, щільно закрита тара",24 місяці від дати виготовлення,підтверджено з журналу,Номенклатура + журнал партій (6 партій),Норми з журналу потрібно затвердити технологом.,5–6,"0,9-1,0 г/мл","Cp=200-600 pas, S4V0,6",12М
SPEC-RP016-v1.0,RP016,Маска для волосся Avocado + Collagen,Волосся,"Маска авокадо+колаген, RP016",5,2024-09-24,2025-08-14,08/25,відповідає,білий або світло-бежевий,згідно затвердженого зразку,"4,5","5,6",5.5,"Cp=7652mpas, 38,2% S4V30",,,стабільний,стабільний,не виявлено,не виявлено,"+5…+25 °C, сухе темне місце, щільно закрита тара",24 місяці від дати виготовлення,підтверджено з журналу,Номенклатура + журнал партій (5 партій),Норми з журналу потрібно затвердити технологом.,5–6,"0,8-0,9г/мл","Cp=5000-9000 mpas, S4V30",12М
SPEC-RP017-v1.0,RP017,Шампунь глибокої очисти Рн 8,Волосся,"Шампунь глибокої очистки, RP017",3,2024-09-10,2025-08-18,08/25,відповідає,"від світло-бежевого до жовтого кольору прозорий гель, допускається незначна опалісценція",згідно затвердженого зразку,5,6,8,"Cp=8906mpas, 44,5% S4V30",,,стабільний,стабільний,не виявлено,не виявлено,"+5…+25 °C, сухе темне місце, щільно закрита тара",24 місяці від дати виготовлення,підтверджено з журналу,Номенклатура + журнал партій (3 партій),Норми з журналу потрібно затвердити технологом.,"7,0-8,5","0,9-1,0 г/мл","Cp=5000-9500 mpas,  S4V30",12М
SPEC-RP018-v1.0,RP018,"Спрей відновлюючий з керамідами, амінокислотами та екстрактами проти випадіння волосся",Волосся,Спрей відновлюючий з керамідами проти випадіння RP018,7,2024-09-20,2026-03-06,06/03/26(4),відповідає,відсутні дані,згідно затвердженого зразку,5,6,5.1,Н/З,,"1,03",стабільний,стабільний,не виявлено,не виявлено,"+5…+25 °C, сухе темне місце, щільно закрита тара",24 місяці від дати виготовлення,підтверджено з журналу,Номенклатура + журнал партій (7 партій),Норми з журналу потрібно затвердити технологом.,"4,5-6,0","0,95-1,05 г/мл",не нормується,12М
SPEC-RP019-v1.0,RP019,Пілінг для шкіри голови,Волосся,"Пілінг для шкіри голови, RP019",16,2024-09-04,2026-03-19,19/03/26(1),відповідає,відсутні дані,згідно затвердженого зразку,3,5,3.5,S3V12Cp=4006mPas40%,,"0,92",стабільний,стабільний,не виявлено,не виявлено,"+5…+25 °C, сухе темне місце, щільно закрита тара",24 місяці від дати виготовлення,затверджено,Номенклатура + журнал партій (16 партій),Норми з журналу потрібно затвердити технологом.,"3,5-4,0","0,9-1,0 г/мл",S3V12   Cp=3500-5000mPas,12М
SPEC-RP021-v1.0,RP021,Термозахист з рідким кератином та амінокислотами,Волосся,Термозахист з рідким кератином RP021,14,2024-09-17,2026-03-10,10/03/26(2),відповідає,відсутні дані,згідно затвердженого зразку,"3,5",6,5.1,Н/З,,"0,96",стабільний,стабільний,не виявлено,не виявлено,"+5…+25 °C, сухе темне місце, щільно закрита тара",24 місяці від дати виготовлення,підтверджено з журналу,Номенклатура + журнал партій (14 партій),Норми з журналу потрібно затвердити технологом.,"4,5-7,0","0,95-1,05 г/мл",не нормується,12М
SPEC-RP022-v1.0,RP022,Крем-термозахист,Волосся,"Крем-термозахист, RP022",12,2024-08-02,2025-10-24,10/25,однорідна маса без сторонніх домішок,білий або світло-бежевий,згідно затвердженого зразку,5,6,5.8,"Cp=4049mpas, 40,6% S4V60",,,стабільний,стабільний,Н/З,Н/З,"+5…+25 °C, сухе темне місце, щільно закрита тара",24 місяці від дати виготовлення,підтверджено з журналу,Номенклатура + журнал партій (12 партій),Норми з журналу потрібно затвердити технологом.,"4,5-6,0","0,9-1,0 г/мл","Cp=40000-70000 mpas, S4V60",12М
SPEC-RP024-v1.0,RP024,"Крем-суфле для тіла зі скваланом, маслом ши та мигдальною олією",Тіло,"Крем-суфле для тіла зі скваланом, маслом ши та мигдальною олією, RP024",32,2024-08-19,2026-03-13,13/03/26(1)    13/03/26(2)    13/03/26(3),однорідна маса без сторонніх домішок,білий або світло-бежевий,згідно затвердженого зразку,5,6,5.7,"S4V0,3Cp=1660mPas76% S4V0,3Cp=1534mPas72% S4V0,3Cp=1422mPas68%",,"0,96",стабільний,стабільний,не виявлено,не виявлено,"+5…+25 °C, сухе темне місце, щільно закрита тара",24 місяці від дати виготовлення,затверджено,Номенклатура + журнал партій (32 партій),Норми з журналу потрібно затвердити технологом.,5–6,"0,9-1,0 г/мл","S4V0,3 Cp=800-1700 mPas",12М
SPEC-RP025-v1.0,RP025,"Крем для рук з олією ши, кокосу, оливи та пом'якшувальними компонентами",Тіло,"крем для рук з оліею ши, кокосу,оливи та помякшуючими компонентами RP025",16,2024-11-01,2026-03-13,13/03/26(5),однорідна маса без сторонніх домішок,білий або світло-бежевий,згідно затвердженого зразку,5,6,5.4,"S4V6Cp=60,16mPas61,1%",,"0,95",стабільний,стабільний,не виявлено,не виявлено,"+5…+25 °C, сухе темне місце, щільно закрита тара",24 місяці від дати виготовлення,затверджено,Номенклатура + журнал партій (16 партій),Норми з журналу потрібно затвердити технологом.,"5–6,5","0,89–0,99 г/мл",S4V6 Cp=40-90 mPas,12М
SPEC-RP028-v1.0,RP028,Скраб для тіла цукровий гідрофільний,Тіло,"Скраб для тіла цукровий гідрофільний, RP028",8,2024-11-21,2026-02-24,24/02/26(1),Однорідна зерниста маса,від світло-бежевого до коричневого (залежно від зразка),згідно затвердженого зразку,,,,Н/З,,,стабільний,стабільний,не виявлено,не виявлено,"+5…+25 °C, сухе темне місце, щільно закрита тара",24 місяці від дати виготовлення,підтверджено з журналу,Номенклатура + журнал партій (8 партій),Норми з журналу потрібно затвердити технологом.,не нормується,не нормується,не нормується,12М
SPEC-RP032-v1.0,RP032,"Гель для душу, фруктові та парфумерні композиціі",Тіло,"Гель для душу, фруктові та парфумерні композиціі, RP032",25,2024-08-30,2026-03-12,12/03/26(3),відповідає,прозорий,згідно затвердженого зразку,5,6,5.7,"S3V3Cp=18,12mPas45,3%",,"0,96",стабільний,стабільний,не виявлено,не виявлено,"+5…+25 °C, сухе темне місце, щільно закрита тара",24 місяці від дати виготовлення,затверджено,Номенклатура + журнал партій (25 партій),Норми з журналу потрібно затвердити технологом.,5–8.5,0.94–1.03 г/мл,,12М
SPEC-RP034-v1.0,RP034,Гаряче антицелюлітне обгортання,Тіло,"Гаряче антицелюлітне обгортання, RP034",4,2025-02-19,2025-09-16,09/25,відповідає,кремовий білий,згідно затвердженого зразку,5,6,5.2,"Cp=426,2pas, 42,6% S4V0,6",,,стабільний,стабільний,Н/З,Н/З,"+5…+25 °C, сухе темне місце, щільно закрита тара",24 місяці від дати виготовлення,підтверджено з журналу,Номенклатура + журнал партій (4 партій),Норми з журналу потрібно затвердити технологом.,5–6,не нормується,,12М
SPEC-RP035-v1.0,RP035,Холодне антицелюлітне обгортання,Тіло,"Холодне антицелюлітне обгортання, RP035",1,2025-04-10,2025-04-10,04/25,відповідає,кремовий білий,згідно затвердженого зразку,5,6,5.9,"Cp=754,6, 75,4% S4V0,6",,,стабільний,стабільний,Н/З,Н/З,"+5…+25 °C, сухе темне місце, щільно закрита тара",24 місяці від дати виготовлення,"чернетка — 1 партія, мало даних",Номенклатура + журнал партій (1 партій),Норми з журналу потрібно затвердити технологом.,5–6,не нормується,,12М
SPEC-RP036-v1.0,RP036,Антицелюлітная персикова олія,Тіло,"Антицелюлітна персикова олія, RP036",1,2025-02-21,2025-02-21,02/25,відповідає,прозорий,згідно затвердженого зразку,,,,Н/З,,,стабільний,стабільний,Н/З,Н/З,"+5…+25 °C, сухе темне місце, щільно закрита тара",24 місяці від дати виготовлення,"чернетка — 1 партія, мало даних",Номенклатура + журнал партій (1 партій),Норми з журналу потрібно затвердити технологом.,не нормується,не нормується,не нормується,12М
SPEC-RP048-v1.0,RP048,Гель для вмивання проблемної шкіри Cleansing Gel Inulin+Hyaluronic,Обличчя,Гель для вмивання RP048,6,2024-10-09,2026-03-10,10/03/26(4),відповідає,прозорий,згідно затвердженого зразку,5,6,5.9,"S3V30Cp=1919mPas47,9%",,"0,92",стабільний,стабільний,не виявлено,не виявлено,"+5…+25 °C, сухе темне місце, щільно закрита тара",24 місяці від дати виготовлення,затверджено,Номенклатура + журнал партій (6 партій),Норми з журналу потрібно затвердити технологом.,5–6,"0,9-1,0 г/мл",S3V30 Cp=1000-2000 mPas,12М
SPEC-RP051-v1.0,RP051,Міцелярна вода Micellar Water Rosewood Essential,Обличчя,"Міцелярна вода Micellar Water Rosewood Essential, RP051",5,2024-11-20,2025-10-20,10/25,відповідає,прозорий,згідно затвердженого зразку,5,6,5.9,Н/З,,,стабільний,стабільний,Н/З,Н/З,"+5…+25 °C, сухе темне місце, щільно закрита тара",24 місяці від дати виготовлення,підтверджено з журналу,Номенклатура + журнал партій (5 партій),Норми з журналу потрібно затвердити технологом.,5–6,не нормується,не нормується,12М
SPEC-RP057-v1.0,RP057,Бальзам для губ,Обличчя,Бальзам для губ RP057,2,2024-09-19,2026-03-19,19/03/26(5),відповідає,від безбарвного до світло-бежевого,згідно затвердженого зразку,,,,Н/З,,,стабільний,стабільний,не виявлено,не виявлено,"+5…+25 °C, сухе темне місце, щільно закрита тара",24 місяці від дати виготовлення,потребує верифікації технологом,Номенклатура + журнал партій (2 партій),Норми з журналу потрібно затвердити технологом.,не нормується,не нормується,не нормується,12М
SPEC-RP061-v1.0,RP061,Бальзам-кондиціонер з пребіотиком,Волосся,"Бальзам-кондиціонер з пребіотиком, RP061",8,2024-08-08,2025-12-10,10/12/25(1),однорідна маса без сторонніх домішок,білий або світло-бежевий,згідно затвердженого зразку,5,6,5.4,"Cp=6143mpas, 30,7% S4V30",,"0,96",стабільний,стабільний,не виявлено,не виявлено,"+5…+25 °C, сухе темне місце, щільно закрита тара",24 місяці від дати виготовлення,затверджено,Номенклатура + журнал партій (8 партій),Норми з журналу потрібно затвердити технологом.,5–6,0.96 г/мл,,12М
SPEC-RP062-v1.0,RP062,Тонік розмариновий для волосся,Волосся,"Тонік розмариновий для волосся, RP062",4,2024-09-04,2026-03-18,18/03/26(4),відповідає,прозорий,згідно затвердженого зразку,5,6,5.1,"Cp=203,6pas, 40,6% S2V60",,"0,95",стабільний,стабільний,не виявлено,не виявлено,"+5…+25 °C, сухе темне місце, щільно закрита тара",24 місяці від дати виготовлення,затверджено,Номенклатура + журнал партій (4 партій),Норми з журналу потрібно затвердити технологом.,5–6,"0.95 г/мл ± 0,05",,12М
SPEC-RP065-v1.0,RP065,Крем для рук 145-1-3,Тіло,Крем для рук 145-1-3 RP065,10,2024-09-16,2026-03-02,02/03/26(1),однорідна маса без сторонніх домішок,білий або світло-бежевий,згідно затвердженого зразку,5,6,5.2,"S4V3Cp=4139,4mPas69,7%",,"0,95",стабільний,стабільний,не виявлено,не виявлено,"+5…+25 °C, сухе темне місце, щільно закрита тара",24 місяці від дати виготовлення,затверджено,Номенклатура + журнал партій (10 партій),Норми з журналу потрібно затвердити технологом.,5–8.5,"0.96 г/мл ± 0,05",,12М
SPEC-RP070-v1.0,RP070,Скраб сольовий з мигдалем Crumb,Тіло,Скраб сольовий з мегдалем RP070,7,2025-12-05,2026-03-20,20/03/26(1),Однорідна зерниста маса,від світло-бежевого до коричневого (залежно від зразка),згідно затвердженого зразку,,,,Не нормується — сипкий/пастоподібний продукт,,,стабільний,стабільний,не виявлено,не виявлено,"+5…+25 °C, сухе темне місце, щільно закрита тара",24 місяці від дати виготовлення,підтверджено з журналу,Номенклатура + журнал партій (7 партій),Зі специфікації; журнал у цьому файлі не підтвердив жодного рядка по RP070.,не нормується,не нормується,не нормується,12М
SPEC-RP098-v1.0,RP098,Пілінг тонер AHA+BHA 10%,Обличчя,"Пілінг тонер AHA+BHA 10%, RP098",7,2024-09-06,2025-11-05,05/11/2025(4),відповідає,"прозорий, допускається мутність",згідно затвердженого зразку,3,5,4,Н/З,,,стабільний,стабільний,Н/З,Н/З,"+5…+25 °C, сухе темне місце, щільно закрита тара",24 місяці від дати виготовлення,підтверджено з журналу,Номенклатура + журнал партій (7 партій),Норми з журналу потрібно затвердити технологом.,3–5,не нормується,не нормується,12М
SPEC-RP102-v1.0,RP102,Масажна олія 2,Обличчя,"Масажна олія 2, RP102",1,2024-09-23,2024-09-23,25/09/2024,відповідає,прозорий,згідно затвердженого зразку,,,,Н/З,,,стабільний,стабільний,Н/З,Н/З,"+5…+25 °C, сухе темне місце, щільно закрита тара",24 місяці від дати виготовлення,"чернетка — 1 партія, мало даних",Номенклатура + журнал партій (1 партій),Норми з журналу потрібно затвердити технологом.,не нормується,не нормується,не нормується,12М
SPEC-RP106-v1.0,RP106,Дезодорант кульковий,Тіло,"Дезодорант кульковий, RP106",3,2024-08-01,2025-03-12,03/25,відповідає,відсутні дані,згідно затвердженого зразку,"3,5",6,4.3,Н/З,,,стабільний,стабільний,Н/З,Н/З,"+5…+25 °C, сухе темне місце, щільно закрита тара",24 місяці від дати виготовлення,підтверджено з журналу,Номенклатура + журнал партій (3 партій),Норми з журналу потрібно затвердити технологом.,3.5–8.5,не нормується,не нормується,12М
SPEC-RP111-v1.0,RP111,Ліпідна маска для волосся,Волосся,"Ліпідна маска для волосся, RP111",7,2025-05-16,2025-12-22,22/12/25(2),однорідна маса без сторонніх домішок,від світло-жовтого до жовтого кольору,згідно затвердженого зразку,"4,5","5,5",4.8,"Cp=47,08pas, 47% S4V6",,"0,87",стабільний,стабільний,не виявлено,не виявлено,"+5…+25 °C, сухе темне місце, щільно закрита тара",24 місяці від дати виготовлення,затверджено,Номенклатура + журнал партій (7 партій),Норми з журналу потрібно затвердити технологом.,"4,0-5,0","0,86-0,96 г/мл",S4V6 Cp=30-60 mPas,12М
SPEC-RP113-v1.0,RP113,Бальзам для губ регенеруючий №4,Обличчя,"Бальзам для губ регенеруючий №4, RP113",1,2024-09-26,2024-09-26,26/09/2024,відповідає,від безбарвного до світло-бежевого,згідно затвердженого зразку,,,,Н/З,,,стабільний,стабільний,Н/З,Н/З,"+5…+25 °C, сухе темне місце, щільно закрита тара",24 місяці від дати виготовлення,"чернетка — 1 партія, мало даних",Номенклатура + журнал партій (1 партій),Норми з журналу потрібно затвердити технологом.,не нормується,не нормується,не нормується,12М
SPEC-RP117-v1.0,RP117,Натуральне гель-мило,Тіло,натуральний гель-мило RP117,4,2024-09-12,2026-02-11,11/02/26(2),відповідає,"від світло-бежевого до жовтого кольору прозорий гель, допускається незначна опалісценція",згідно затвердженого зразку,"3,5",6,5.2,"S3V60Cp=1116mPas55,7%",,"0,95",стабільний,стабільний,не виявлено,не виявлено,"+5…+25 °C, сухе темне місце, щільно закрита тара",24 місяці від дати виготовлення,затверджено,Номенклатура + журнал партій (4 партій),Норми з журналу потрібно затвердити технологом.,3.5–8.5,"0.95 г/мл ± 0,05",,12М
SPEC-RP121-v1.0,RP121,"Крем для рук з пантенолом, центелою та пребіотиком 294-1",Тіло,"Крем для рук з пантенолом, центелою та пребіотиком 294-1, RP121",9,2025-02-05,2026-03-12,12/03/26(1),однорідна маса без сторонніх домішок,білий або світло-бежевий,згідно затвердженого зразку,5,6,5,"S4V1,5Cp=380,5mPas95%",,"0,95",стабільний,стабільний,не виявлено,не виявлено,"+5…+25 °C, сухе темне місце, щільно закрита тара",24 місяці від дати виготовлення,затверджено,Номенклатура + журнал партій (9 партій),Норми з журналу потрібно затвердити технологом.,5–6,"0.94 г/мл ± 0,05",,12М
SPEC-RP126-v1.0,RP126,Крем для обличчя з spf 15,Обличчя,Крем для обличчя SPF15 RP126,2,2025-03-25,2026-03-06,06/03/26(2),однорідна маса без сторонніх домішок,кремовий білий,згідно затвердженого зразку,5,6,5.8,"S4V0,6Cp=424,1mPas42,4%",,"0,98",стабільний,стабільний,не виявлено,не виявлено,"+5…+25 °C, сухе темне місце, щільно закрита тара",24 місяці від дати виготовлення,затверджено,Номенклатура + журнал партій (2 партій),Норми з журналу потрібно затвердити технологом.,5–6,0.98 г/мл,,12М
SPEC-RP005-v1.0,RP005,Шампунь Argan Oil + Keratin,Волосся,,0,,,,однорідна маса без сторонніх домішок,прозорий,згідно затвердженого зразку,,,,,,,стабільний,стабільний,Н/З,Н/З,"+5…+25 °C, сухе темне місце, щільно закрита тара",24 місяці від дати виготовлення,чернетка — немає партій у журналі,Номенклатура (дані партій відсутні),Автоматично згенеровано. В журналі даних по партіях немає.,не нормується,не нормується,не нормується,12М
SPEC-RP020-v1.0,RP020,Арганова олія для кінчиків волосся,Волосся,арганова олія для кінчиків волосся RP020,2,2025-11-26,2026-02-19,19/02/26(1),однорідна маса без сторонніх домішок,прозорий,згідно затвердженого зразку,,,,,,"0,96",стабільний,стабільний,не виявлено,не виявлено,"+5…+25 °C, сухе темне місце, щільно закрита тара",24 місяці від дати виготовлення,потребує верифікації технологом,Номенклатура + журнал партій (2 партій),Автоматично згенеровано. В журналі даних по партіях немає.,не нормується,0.89–0.96 г/мл,не нормується,12М
SPEC-RP023-v1.0,RP023,"Баттер для тіла з оліями ши, кокосу, мигдалю та персика",Тіло,"Баттер для тіла з оліями ши, кокосу, мигдалю та персика, RP023",1,2025-12-08,2025-12-08,08/12/25(1),однорідна маса без сторонніх домішок,білий або світло-бежевий,згідно затвердженого зразку,5,6,5.9,"Cp=126,3pas, 31,5% S4V1,5",,"0,91",стабільний,стабільний,не виявлено,не виявлено,"+5…+25 °C, сухе темне місце, щільно закрита тара",24 місяці від дати виготовлення,"чернетка — 1 партія, мало даних",Номенклатура + журнал партій (1 партій),Автоматично згенеровано. В журналі даних по партіях немає.,5–6,0.91 г/мл,,12М
SPEC-RP026-v1.0,RP026,"Шиммер Body Shimmer Gold, Bronze, Pearl, Pink",Тіло,,0,,,,відповідає,кремовий білий,згідно затвердженого зразку,,,,,,,стабільний,стабільний,Н/З,Н/З,"+5…+25 °C, сухе темне місце, щільно закрита тара",24 місяці від дати виготовлення,чернетка — немає партій у журналі,Номенклатура (дані партій відсутні),Автоматично згенеровано. В журналі даних по партіях немає.,не нормується,не нормується,не нормується,12М
SPEC-RP027-v1.0,RP027,"Скраб для тіла сольовий, насичений оліями з шиммером",Тіло,"Скраб для тіла сольовий, насичений оліями з шиммером, RP027",1,2025-12-15,2025-12-15,15/12/25(1),Однорідна зерниста маса,прозорий,згідно затвердженого зразку,,,,,,,стабільний,стабільний,не виявлено,не виявлено,"+5…+25 °C, сухе темне місце, щільно закрита тара",24 місяці від дати виготовлення,"чернетка — 1 партія, мало даних",Номенклатура + журнал партій (1 партій),Автоматично згенеровано. В журналі даних по партіях немає.,не нормується,не нормується,не нормується,12М
SPEC-RP029-v1.0,RP029,Пінна сіль дла ванни.ю колори і аромати в асс,Ванна/спа,Пінна сіль Веселка S066 RP029,1,2026-02-11,2026-02-11,11/02/26(3),відповідає,кольоровий (згідно SKU),згідно затвердженого зразку,,,,,,,стабільний,стабільний,не виявлено,не виявлено,"+5…+25 °C, сухе темне місце, щільно закрита тара",24 місяці від дати виготовлення,"чернетка — 1 партія, мало даних",Номенклатура + журнал партій (1 партій),Автоматично згенеровано. В журналі даних по партіях немає.,не нормується,не нормується,не нормується,Н/З
SPEC-RP030-v1.0,RP030,Тверда піна дла ванни.ю колори і віддушки асорт,Інше,,0,,,,відповідає,відсутні дані,згідно затвердженого зразку,,,,,,,стабільний,стабільний,Н/З,Н/З,"+5…+25 °C, сухе темне місце, щільно закрита тара",24 місяці від дати виготовлення,чернетка — немає партій у журналі,Номенклатура (дані партій відсутні),Автоматично згенеровано. В журналі даних по партіях немає.,не нормується,не нормується,не нормується,12М
SPEC-RP033-v1.0,RP033,Лосьон для тіла з олією кокосу і авокадо,Тіло,,0,,,,однорідна маса без сторонніх домішок,кремовий білий,згідно затвердженого зразку,,,,,,,стабільний,стабільний,Н/З,Н/З,"+5…+25 °C, сухе темне місце, щільно закрита тара",24 місяці від дати виготовлення,чернетка — немає партій у журналі,Номенклатура (дані партій відсутні),Автоматично згенеровано. В журналі даних по партіях немає.,не нормується,не нормується,не нормується,12М
SPEC-RP037-v1.0,RP037,"Крем массажний для салонних процедур, лимфодренуючим ефектом",Тіло,,0,,,,однорідна маса без сторонніх домішок,кремовий білий,згідно затвердженого зразку,,,,,,,стабільний,стабільний,Н/З,Н/З,"+5…+25 °C, сухе темне місце, щільно закрита тара",24 місяці від дати виготовлення,чернетка — немає партій у журналі,Номенклатура (дані партій відсутні),Автоматично згенеровано. В журналі даних по партіях немає.,не нормується,не нормується,не нормується,12М
SPEC-RP038-v1.0,RP038,Натуральний дезодорант,Тіло,,0,,,,відповідає,відсутні дані,згідно затвердженого зразку,,,,,,,стабільний,стабільний,Н/З,Н/З,"+5…+25 °C, сухе темне місце, щільно закрита тара",24 місяці від дати виготовлення,чернетка — немає партій у журналі,Номенклатура (дані партій відсутні),Автоматично згенеровано. В журналі даних по партіях немає.,не нормується,не нормується,не нормується,12М
SPEC-RP039-v1.0,RP039,Олія массажна,Тіло,,0,,,,відповідає,прозорий,згідно затвердженого зразку,,,,,,,стабільний,стабільний,Н/З,Н/З,"+5…+25 °C, сухе темне місце, щільно закрита тара",24 місяці від дати виготовлення,чернетка — немає партій у журналі,Номенклатура (дані партій відсутні),Автоматично згенеровано. В журналі даних по партіях немає.,не нормується,не нормується,не нормується,12М
SPEC-RP040-v1.0,RP040,Сироватка для обличчя Niacinamide Serum,Обличчя,Сировитка для обличчя Niacinamide Serum RP040,2,2025-11-28,2026-02-12,12/02/26(4),однорідна маса без сторонніх домішок,відсутні дані,згідно затвердженого зразку,5,6,5,"S3V12Cp=5245mPas52,4%",,"0,96",стабільний,стабільний,не виявлено,не виявлено,"+5…+25 °C, сухе темне місце, щільно закрита тара",24 місяці від дати виготовлення,затверджено,Номенклатура + журнал партій (2 партій),Автоматично згенеровано. В журналі даних по партіях немає.,5–6,"0.94 г/мл ± 0,05",,6М
SPEC-RP041-v1.0,RP041,Сироватка для обличчя Vitamin C+Ceramide Serum,Обличчя,,0,,,,однорідна маса без сторонніх домішок,відсутні дані,згідно затвердженого зразку,5,6,5,"S3V12Cp=5245mPas52,4%",,"0,96",стабільний,стабільний,Н/З,Н/З,"+5…+25 °C, сухе темне місце, щільно закрита тара",24 місяці від дати виготовлення,чернетка — немає партій у журналі,Номенклатура (дані партій відсутні),Автоматично згенеровано. В журналі даних по партіях немає.,не нормується,не нормується,не нормується,6М
SPEC-RP042-v1.0,RP042,Сироватка для обличчя Hyaluronic+Squalane Serum,Обличчя,,0,,,,однорідна маса без сторонніх домішок,відсутні дані,згідно затвердженого зразку,,,,,,,стабільний,стабільний,Н/З,Н/З,"+5…+25 °C, сухе темне місце, щільно закрита тара",24 місяці від дати виготовлення,чернетка — немає партій у журналі,Номенклатура (дані партій відсутні),Автоматично згенеровано. В журналі даних по партіях немає.,не нормується,не нормується,не нормується,6М
SPEC-RP043-v1.0,RP043,Тонік для обличчя Nicanamide Toner,Обличчя,,0,,,,відповідає,прозорий,згідно затвердженого зразку,,,,,,,стабільний,стабільний,Н/З,Н/З,"+5…+25 °C, сухе темне місце, щільно закрита тара",24 місяці від дати виготовлення,чернетка — немає партій у журналі,Номенклатура (дані партій відсутні),Автоматично згенеровано. В журналі даних по партіях немає.,не нормується,не нормується,не нормується,12М
SPEC-RP044-v1.0,RP044,Тонік для обличчя Glycolic AHA Toner,Обличчя,,0,,,,відповідає,прозорий,згідно затвердженого зразку,,,,,,,стабільний,стабільний,Н/З,Н/З,"+5…+25 °C, сухе темне місце, щільно закрита тара",24 місяці від дати виготовлення,чернетка — немає партій у журналі,Номенклатура (дані партій відсутні),Автоматично згенеровано. В журналі даних по партіях немає.,не нормується,не нормується,не нормується,12М
SPEC-RP045-v1.0,RP045,Тонік для обличчя Hyaluronic Toner,Обличчя,,0,,,,відповідає,прозорий,згідно затвердженого зразку,,,,,,,стабільний,стабільний,Н/З,Н/З,"+5…+25 °C, сухе темне місце, щільно закрита тара",24 місяці від дати виготовлення,чернетка — немає партій у журналі,Номенклатура (дані партій відсутні),Автоматично згенеровано. В журналі даних по партіях немає.,не нормується,не нормується,не нормується,12М
SPEC-RP046-v1.0,RP046,Пінка для вмивання чутливої шкіри Face Foam Allantoin+Panthenol,Обличчя,пінка для вмивання чутливої шкіри RP046,1,2026-02-09,2026-02-09,09/02/26(1),відповідає,кремовий білий,згідно затвердженого зразку,5,6,5.7,,,,стабільний,стабільний,не виявлено,не виявлено,"+5…+25 °C, сухе темне місце, щільно закрита тара",24 місяці від дати виготовлення,"чернетка — 1 партія, мало даних",Номенклатура + журнал партій (1 партій),Автоматично згенеровано. В журналі даних по партіях немає.,5–6,не нормується,не нормується,12М
SPEC-RP047-v1.0,RP047,Пінка для вмивання проблемної шкіри Face Foam Niacinamide+Rosmary,Обличчя,,0,,,,відповідає,кремовий білий,згідно затвердженого зразку,,,,,,,стабільний,стабільний,Н/З,Н/З,"+5…+25 °C, сухе темне місце, щільно закрита тара",24 місяці від дати виготовлення,чернетка — немає партій у журналі,Номенклатура (дані партій відсутні),Автоматично згенеровано. В журналі даних по партіях немає.,не нормується,не нормується,не нормується,12М
SPEC-RP049-v1.0,RP049,Гідрофільна олія проблемної шкіри Hydropolic Oil Rosemary+Thyme,Тіло,,0,,,,відповідає,прозорий,згідно затвердженого зразку,,,,,,,стабільний,стабільний,Н/З,Н/З,"+5…+25 °C, сухе темне місце, щільно закрита тара",24 місяці від дати виготовлення,чернетка — немає партій у журналі,Номенклатура (дані партій відсутні),Автоматично згенеровано. В журналі даних по партіях немає.,не нормується,не нормується,не нормується,12М
SPEC-RP050-v1.0,RP050,Гідрофільна олія чутливої шкіри (олеогель) Hydropolic Oil,Тіло,,0,,,,відповідає,прозорий,згідно затвердженого зразку,,,,,,,стабільний,стабільний,Н/З,Н/З,"+5…+25 °C, сухе темне місце, щільно закрита тара",24 місяці від дати виготовлення,чернетка — немає партій у журналі,Номенклатура (дані партій відсутні),Автоматично згенеровано. В журналі даних по партіях немає.,не нормується,не нормується,не нормується,12М
SPEC-RP052-v1.0,RP052,Зволожуючий крем для обличчя Aqua Face Cream,Обличчя,,0,,,,однорідна маса без сторонніх домішок,кремовий білий,згідно затвердженого зразку,,,,,,,стабільний,стабільний,Н/З,Н/З,"+5…+25 °C, сухе темне місце, щільно закрита тара",24 місяці від дати виготовлення,чернетка — немає партій у журналі,Номенклатура (дані партій відсутні),Автоматично згенеровано. В журналі даних по партіях немає.,не нормується,не нормується,не нормується,12М
SPEC-RP053-v1.0,RP053,Відновлюючий крем для обличчя Bacuchiol Face Cream,Обличчя,"Відновлюючий крем для обличчя Bacuchiol Face Cream, RP053",1,2025-11-28,2025-11-28,28/11/25(6),однорідна маса без сторонніх домішок,білий або світло-бежевий,згідно затвердженого зразку,5,6,5.3,"Cp=17,59pas, 35,1% S4V12",,"0,9",стабільний,стабільний,не виявлено,не виявлено,"+5…+25 °C, сухе темне місце, щільно закрита тара",24 місяці від дати виготовлення,"чернетка — 1 партія, мало даних",Номенклатура + журнал партій (1 партій),Автоматично згенеровано. В журналі даних по партіях немає.,5–6,0.9 г/мл,,12М
SPEC-RP054-v1.0,RP054,"Нічний поживнний крем для обличчяз фітостерилом, олієм мурумуру та камелією Face Cream",Обличчя,,0,,,,однорідна маса без сторонніх домішок,кремовий білий,згідно затвердженого зразку,,,,,,,стабільний,стабільний,Н/З,Н/З,"+5…+25 °C, сухе темне місце, щільно закрита тара",24 місяці від дати виготовлення,чернетка — немає партій у журналі,Номенклатура (дані партій відсутні),Автоматично згенеровано. В журналі даних по партіях немає.,не нормується,не нормується,не нормується,12М
SPEC-RP055-v1.0,RP055,"Крем Retreat з аміноцерамідами, алантоїном",Обличчя,,0,,,,однорідна маса без сторонніх домішок,кремовий білий,згідно затвердженого зразку,,,,,,,стабільний,стабільний,Н/З,Н/З,"+5…+25 °C, сухе темне місце, щільно закрита тара",24 місяці від дати виготовлення,чернетка — немає партій у журналі,Номенклатура (дані партій відсутні),Автоматично згенеровано. В журналі даних по партіях немає.,не нормується,не нормується,не нормується,12М
SPEC-RP056-v1.0,RP056,Крем для шкіри навколо очей Bacuchiol Eye Cream,Обличчя,"Крем для шкіри навколо очей Bacuchiol Eye Cream, RP056",1,2025-11-28,2025-11-28,28/11/25(5),однорідна маса без сторонніх домішок,білий або світло-бежевий,згідно затвердженого зразку,5,6,5.9,"Cp=42,50pas, 53% S3V1,5",,"0,93",стабільний,стабільний,не виявлено,не виявлено,"+5…+25 °C, сухе темне місце, щільно закрита тара",24 місяці від дати виготовлення,"чернетка — 1 партія, мало даних",Номенклатура + журнал партій (1 партій),Автоматично згенеровано. В журналі даних по партіях немає.,5–6,"0,85-0,95","S3V1,5 Cp=25-50 mPas",6М
SPEC-RP058-v1.0,RP058,Пілінг-диски,Обличчя,,0,,,,відповідає,відсутні дані,згідно затвердженого зразку,,,,,,,стабільний,стабільний,Н/З,Н/З,"+5…+25 °C, сухе темне місце, щільно закрита тара",24 місяці від дати виготовлення,чернетка — немає партій у журналі,Номенклатура (дані партій відсутні),Автоматично згенеровано. В журналі даних по партіях немає.,не нормується,не нормується,не нормується,12М
SPEC-RP059-v1.0,RP059,Маска для волосся кератин і шовк (біла),Волосся,"Маска для волосся кератин і шовк (біла), RP059",7,2024-09-23,2025-10-27,10/25,однорідна маса без сторонніх домішок,білий або світло-бежевий,згідно затвердженого зразку,5,6,5.6,"Cp=98,63pas, 49,3% S4V3",,,стабільний,стабільний,Н/З,Н/З,"+5…+25 °C, сухе темне місце, щільно закрита тара",24 місяці від дати виготовлення,підтверджено з журналу,Номенклатура + журнал партій (7 партій),Автоматично згенеровано. В журналі даних по партіях немає.,5–6,не нормується,,12М
SPEC-RP060-v1.0,RP060,Маска для волосся кераміди і шовк (зелена),Волосся,маска для волосся кераміди і шовк RP060,8,2024-08-02,2026-02-18,18/02/26(4),однорідна маса без сторонніх домішок,білий або світло-бежевий,згідно затвердженого зразку,5,6,5,"S4V6Cp=43,36mPas43,3%",,"0,78",стабільний,стабільний,не виявлено,не виявлено,"+5…+25 °C, сухе темне місце, щільно закрита тара",24 місяці від дати виготовлення,затверджено,Номенклатура + журнал партій (8 партій),Автоматично згенеровано. В журналі даних по партіях немає.,5–6,"0,8-0,95 г/мл",S4V30 Cp=8000-9000mPas,12М
SPEC-RP064-v1.0,RP064,Кондиціонер для волосся чорний,Волосся,"Кондиціонер для волосся чорний, RP064",9,2024-08-08,2025-12-23,23/12/25(2),однорідна маса без сторонніх домішок,білий або світло-бежевий,згідно затвердженого зразку,5,6,5.4,"Cp=216,1pas, 54% S3V0,3",,"0,94",стабільний,стабільний,не виявлено,не виявлено,"+5…+25 °C, сухе темне місце, щільно закрита тара",24 місяці від дати виготовлення,затверджено,Номенклатура + журнал партій (9 партій),Автоматично згенеровано. В журналі даних по партіях немає.,5–6,0.94 г/мл,,12М
SPEC-RP066-v1.0,RP066,Шампунь Coconut + Milk,Волосся,,0,,,,однорідна маса без сторонніх домішок,прозорий,згідно затвердженого зразку,,,,,,,стабільний,стабільний,Н/З,Н/З,"+5…+25 °C, сухе темне місце, щільно закрита тара",24 місяці від дати виготовлення,чернетка — немає партій у журналі,Номенклатура (дані партій відсутні),Автоматично згенеровано. В журналі даних по партіях немає.,не нормується,не нормується,не нормується,12М
SPEC-RP067-v1.0,RP067,Кондиціонер Coconut + Milk,Волосся,,0,,,,однорідна маса без сторонніх домішок,прозорий,згідно затвердженого зразку,,,,,,,стабільний,стабільний,Н/З,Н/З,"+5…+25 °C, сухе темне місце, щільно закрита тара",24 місяці від дати виготовлення,чернетка — немає партій у журналі,Номенклатура (дані партій відсутні),Автоматично згенеровано. В журналі даних по партіях немає.,не нормується,не нормується,не нормується,12М
SPEC-RP068-v1.0,RP068,"Гель для душу, бюджетний, 273-1",Тіло,,0,,,,відповідає,прозорий,згідно затвердженого зразку,,,,,,,стабільний,стабільний,Н/З,Н/З,"+5…+25 °C, сухе темне місце, щільно закрита тара",24 місяці від дати виготовлення,чернетка — немає партій у журналі,Номенклатура (дані партій відсутні),Автоматично згенеровано. В журналі даних по партіях немає.,не нормується,не нормується,не нормується,12М
SPEC-RP069-v1.0,RP069,Гель-крем зволожуючий,Інше,,0,,,,однорідна маса без сторонніх домішок,кремовий білий,згідно затвердженого зразку,,,,,,,стабільний,стабільний,Н/З,Н/З,"+5…+25 °C, сухе темне місце, щільно закрита тара",24 місяці від дати виготовлення,чернетка — немає партій у журналі,Номенклатура (дані партій відсутні),Автоматично згенеровано. В журналі даних по партіях немає.,не нормується,не нормується,не нормується,12М
SPEC-RP082-v1.0,RP082,Шампунь твердий евкаліпт 207-3-2,Волосся,"Шампунь твердий евкаліпт 207-3-2, RP082",3,2025-12-11,2025-12-15,15/12/25(2),відповідає,прозорий,згідно затвердженого зразку,7,"10,5",9.3,,,,стабільний,стабільний,не виявлено,не виявлено,"+5…+25 °C, сухе темне місце, щільно закрита тара",24 місяці від дати виготовлення,підтверджено з журналу,Номенклатура + журнал партій (3 партій),Автоматично згенеровано. В журналі даних по партіях немає.,7–10.5,не нормується,не нормується,12М
SPEC-RP091-v1.0,RP091,Розігріваючий гель для тіла cellulite killer,Інше,,0,,,,відповідає,відсутні дані,згідно затвердженого зразку,,,,,,,стабільний,стабільний,Н/З,Н/З,"+5…+25 °C, сухе темне місце, щільно закрита тара",24 місяці від дати виготовлення,чернетка — немає партій у журналі,Номенклатура (дані партій відсутні),Автоматично згенеровано. В журналі даних по партіях немає.,не нормується,не нормується,не нормується,12М
SPEC-RP092-v1.0,RP092,Зимовий крем для рук Crumb 188-3,Тіло,"Зимовий крем для рук Crumb 188-3, RP092",4,2025-11-20,2026-03-17,17/03/26(3),однорідна маса без сторонніх домішок,білий або світло-бежевий,згідно затвердженого зразку,5,6,5.7,"S4V3Cp=97,36mPas48,6%",,"0,98",стабільний,стабільний,не виявлено,не виявлено,"+5…+25 °C, сухе темне місце, щільно закрита тара",24 місяці від дати виготовлення,затверджено,Номенклатура + журнал партій (4 партій),Автоматично згенеровано. В журналі даних по партіях немає.,5–6,"0.96 г/мл ± 0,05",,12М
