trademark_name,label_name,rp_code,category
ANKIE002,"Toner , 200ml",,
ANKIE003,"Face cream , 200 ml",,
Ankie005,Пілінг диски,,
Crumb,"Гель для душу Chery and Santal, RP032",RP032,
Crumb,"Гель для душу Sea Salt and White Musk, RP032",RP032,
Crumb,"Гель для душу  Floral Wood, RP032",RP032,
Crumb,"Гель для душу Vetiver and Bergamot, RP032",RP032,
Crumb,"Гель для душу  Vetiver and Bergamot, RP032",RP032,
Crumb,"Лосьйон для тіла Floral Wood, RP024",RP024,
Crumb,"Гель для душу Floral Wood, RP032",RP032,
Crumb,"Лосьйон для тіла Cherry Santal, RP024",RP024,
Crumb,"Лосьйон для тіла Vetiver and Bergamot, RP024",RP024,
Crumb,"Гель-скраб Tabaco papyrus, RP109",RP109,
Crumb,"Гель для душу  Cherry Santal, RP032",RP032,
Crumb,"Лосьйон для тіла Tabaco papyrus, RP024",RP024,
Crumb,"Гель-скраб Cannabis, RP109",RP109,
Crumb,"Гель для душу  santal & cardamom , RP032",RP032,
Crumb,"Лосьйон для тіла santal & cardamom , RP024",RP024,
Crumb,"Лосьйон для тіла Sea Salt white musk, RP024",RP024,
Crumb,"Гель-скраб Sea Salt, RP109",RP109,
Crumb,"Лосьйон для тіла Cannabis, RP024",RP024,
Crumb,"Гель для душу Cherry Santal, RP032",RP032,
Crumb,"Гель-скраб Tabacco, RP109",RP109,
Crumb,"Гель для душу santal & cardamom , RP032",RP032,
Crumb,"Скраб матча Crumb, RP108",RP108,
Crumb,Лосьйон для тіла santal & cardamom  RP024,RP024,
Crumb,"Лосьйон для тіла  sea salt, RP024",RP024,
Crumb,"Гель для душу cherry santal, RP032",RP032,
Crumb,"Лосьйон для тіла Cannabis Neroll, RP024",RP024,
Crumb,"Лосьйон для тіла Sea Salt, RP024",RP024,
Crumb,"Гель для душу Vetiver bergamot, RP032",RP032,
Crumb,Гель для душу santal & cardamom RP032,RP032,
Crumb,Лосьйон для тіла santal & cardamom RP024,RP024,
Crumb,Міст для тіла з SPF Crumb 510-5 лимон+базилік RP135,RP135,
Crumb,Міст для тіла з SPF Crumb 510-5 зелена олива RP135,RP135,
Crumb,Лосьон для тіла з SPF30 crumb 254-5 лимон+базилік RP128,RP128,
Crumb,Лосьон для тіла з SPF30 crumb 254-5 зелена олива RP128,RP128,
Crumb,"Гель для тіла лимон+базилік, RP125",RP125,
Crumb,"Гель для тіла зелена олива, RP125",RP125,
Crumb,Лосьйон для тіла Floral wood RP024,RP024,
Crumb,Лосьйон для тіла Vetiver\&bergamot RP024,RP024,
Crumb,Лосьйон для тіла Tabaco papyrus RP024,RP024,
Crumb,Лосьйон для тіла Santal & cardamom RP024,RP024,
Crumb,"Гель для душу Cherry, RP032",RP032,
Crumb,Лосьйон для тіла Cherry santal RP024,RP024,
Crumb,Лосьйон для тіла Vetiver bergamot RP024,RP024,
Crumb,Гель для душу  vetiver bergamot RP032,RP032,
Crumb,Гель для душу floral wood RP032,RP032,
Crumb,Гель для душу santal & cardamom  RP032,RP032,
Crumb,Міст для тіла green olive RP135,RP135,
Crumb,Міст для тіла lemon basil RP135,RP135,
Crumb,Лосьйон для тіла  Floral Wood RP024,RP024,
Crumb,Лосьйон для тіла sea salt RP024,RP024,
Crumb,"Гель для душу  vetiver bergamot, RP032",RP032,
Crumb,"Гель для душу Cherry santal, RP032",RP032,
Crumb,"Крем для рук Crumb 188-5, RP114 Cherry santal у відрах",RP114,
Crumb,"Лосьон для тіла Cherry santal, RP024",RP024,
Crumb,Лосьон для тіла Tabacco papyrus RP024,RP024,
Crumb,Лосьон для тіла  vetiver bergamot RP024,RP024,
Crumb,Лосьон для тіла santal & cardamom RP024,RP024,
Crumb,Лосьон для тіла floral wood RP024,RP024,
Crumb,Лосьон для тіла White Strawberry RP024,RP024,
Crumb,Лосьйон для тіла Cherry santal  RP024,RP024,
Crumb,Лосьйон для тіла vetiver bergamot  RP024,RP024,
Crumb,Лосьйон для тіла floral wood RP024,RP024,
Crumb,"Крем для рук 188-5, RP114 santal & cardamom",RP114,
Crumb,"Крем для рук ""White Strawberry"" RP114",RP114,
Crumb,Гель для душу cherry santal  RP032,RP032,
Crumb,Гель для душу vetiver bergamot RP032,RP032,
Crumb,Крем для ніг,,
Crumb,"Крем для рук Crumb 188-5, RP114 б/в",RP114,
Crumb,"Скраб сольовий з мигдалем Crumb, RP070",RP070,
Crumb,"Лосьйон для тіла, RP024 Cherry santal",RP024,
Crumb,Лосьйон для тіла Cannabis RP024,RP024,
Crumb,"Гель для душу CHERRY SANTAL, RP032",RP032,
Crumb,"Крем для рук Crumb 188-5, RP114",RP114,
Crumb,"Крем-суфле для тіла зі скваланом, маслом ши та мигдальною олією, RP024/лосьон для тіла santal cardamon",RP024,
Crumb,"Крем-суфле для тіла зі скваланом, маслом ши та мигдальною олією, RP024/лосьон для тіла floral wood",RP024,
Crumb,"Крем-суфле для тіла зі скваланом, маслом ши та мигдальною олією, RP024/лосьон для тіла vetiver bergamot",RP024,
Crumb,"Крем-суфле для тіла зі скваланом, маслом ши та мигдальною олією, RP024/лосьон для тіла sea salt white musk",RP024,
Crumb,"Зимовий крем для рук Crumb 188-3, RP092",RP092,
Crumb,"Лосьйон для тіла morning butter, RP024",RP024,
Crumb,"Лосьйон для тіла midnight tart, RP024",RP024,
Crumb,"Гель для душу morning butter, RP032",RP032,
Crumb,"Гель для душу midnight tart, RP032",RP032,
Crumb,"Лосьйон для тіла Vetiver\&bergamot, RP024",RP024,
Crumb,"Крем для рук Crumb 188-5 cherry santal, RP114",RP114,
Crumb,"Крем для рук Crumb 188-5 raspberry+tulip, RP114",RP114,
Crumb,"Крем для рук Crumb 188-5 vetiver\&bergamot, RP114",RP114,
Crumb,"Крем для рук Crumb 188-5 santal & cardamom , RP114",RP114,
Crumb,"Крем для рук Crumb 188-5 floral wood, RP114",RP114,
Crumb,"Крем для рук Crumb 188-5 tabaco\&papyrus, RP114",RP114,
Crumb,"Крем для рук Crumb 188-5 sea salt\&white musk, RP114",RP114,
Crumb,"Крем для рук Crumb 188-5 narcissus\&ambra, RP114",RP114,
Crumb,"Крем для рук Crumb 188-5 white cherry, RP114",RP114,
Crumb,"Крем для рук Crumb 188-5 cannabis\&neroli, RP114",RP114,
Crumb,"Гель для душу floral wood, RP032",RP032,
Crumb,"Лосьйон для тіла, RP024",RP024,
Crumb,"Гель для душу vetiver\&bergamot, RP032",RP032,
Crumb,"Лосьйон для тіла floral wood, RP024",RP024,
Crumb,"Лосьйон для тіла cherry\&santal, RP024",RP024,
Crumb,"Гель для душу cherry\&santal, RP032",RP032,
Crumb,"Лосьйон для тіла sea salt\&white musk, RP024",RP024,
Crumb,"Лосьйон для тіла tabaco\&papyrus, RP024",RP024,
Crumb,"Лосьйон для тіла cannabis & neroli, RP024",RP024,
Crumb,"Гель для душу mute (perfume-free), RP032",RP032,
Crumb,"Скраб матча, RP108",RP108,
Crumb,"Зимовий крем для рук Crumb 188-3 midnight tart, RP092",RP092,
Crumb,"Зимовий крем для рук Crumb 188-3 morning butter, RP092",RP092,
Crumb,"Зимовий крем для рук Crumb 188-3 spicy rum, RP092",RP092,
Crumb,"Лосьйон для тіла spicy rum, RP024",RP024,
Crumb,"Гель для душу Morning butter, RP032",RP032,
Crumb,"Гель для душу Midnight tart, RP032",RP032,
Crumb,"Лосьон для тіла Morning butter, RP024",RP024,
Crumb,"Лосьон для тіла Midnight tart, RP024",RP024,
Crumb,"Крем для рук santal & cardamom , RP114",RP114,
Crumb,"Крем для рук sea salt, RP114",RP114,
Crumb,"Крем для рук, RP114",RP114,
Crumb,"Крем для рук raspberry tulip, RP114",RP114,
Crumb,"Крем для рук white strawberry, RP114",RP114,
Crumb,"Крем для рук cherry santal, RP114",RP114,
Crumb,"Крем для рук floral wood, RP114",RP114,
Crumb,"Крем для рук narcissus ambra, RP114",RP114,
Crumb,"Крем для рук vetiver bergamot, RP114",RP114,
Crumb,"Крем для рук tobacco pappyrus, RP114",RP114,
Crumb,"Крем для рук зимовий morning butter, RP092",RP092,
Crumb,"Крем для рук зимовий morning tart, RP092",RP092,
Crumb,"Лосьон для тіла sea salt, RP024",RP024,
Crumb,"Лосьон для тіла tobacco pappyrus, RP024",RP024,
Crumb,"Гель для душу mute (perfume-free),  RP032",RP032,
Crumb,"Гель для душу Floral wood, RP032",RP032,
Crumb,"Гель для душу tobacco pappyrus, RP032",RP032,
Crumb,"Гель для душу  Santal Canabis, RP032",RP032,
Crumb,"Гель для душу Vetiver Bergamo, RP032",RP032,
Crumb,"Лосьон для тіла mute (perfume-free), RP024",RP024,
Crumb,"Лосьон для тіла Floral wood, RP024",RP024,
Crumb,"Лосьон для тіла santal & cardamom , RP024",RP024,
Crumb,"Лосьон для тіла Vetiver Bergamot, RP024",RP024,
Crumb,"Лосьон для тіла Cherry Santal, RP024",RP024,
Crumb,"Лосьон для тіла Cannabis, RP024",RP024,
Crumb,"Лосьон для тіла Matcha, RP024",RP024,
Crumb,"крем для рук 188-5 CRUMB ""Vetiver bergamot"" RP114",RP114,
Crumb,"крем для рук 188-5 CRUMB ""raspberry tulip"" RP114",RP114,
Crumb,"крем для рук 188-5 CRUMB "" santal & cardamom "" RP114",RP114,
Crumb,"крем для рук 188-5 CRUMB ""cherry sasntal"" RP114",RP114,
Crumb,"крем для рук 188-5 CRUMB ""Matcha"" RP114",RP114,
Crumb,Лосьон для тіла RP024 mute (perfume-free),RP024,
Crumb,"Крем для рук Raspberry Tulip, RP114",RP114,
Crumb,Гель для душу RP032 Cherry Santal,RP032,
Crumb,Гель для душу RP032 Matcha,RP032,
Crumb,Скраб сольовий з мегдалем RP070,RP070,
Crumb,"крем для рук RP114  (без аромату)                                                                                                      крем для рук RP114 Raspberry & Tulip,                                                                                                            крем для рук RP114 Cherry \&Santal,                                                                                                     крем для рук RP114 White strawberrry",RP114,
Crumb,крем для рук RP114 santal & cardamom                                                                    крем для рук RP114 Vetiver & Bergamot,RP114,
Crumb,Gel  santal & cardamom  RP032,RP032,
Crumb,Gel Cherry & Santal RP032,RP032,
Crumb,Gel Vetiver & Bergamot RP032,RP032,
Crumb,Лосьон Cannabis Neroli RP024,RP024,
Crumb,Лосьон Tabbaco Papirus RP024,RP024,
Crumb,Гель Vetiver Bergamot RP032,RP032,
Crumb,Лосьон RP024 Cherry santal,RP024,
Crumb,Лосьон RP024 santal & cardamom,RP024,
Crumb,Лосьон RP024 Floral wood,RP024,
Crumb,Лосьон RP024 Vetiver bergamot,RP024,
Crumb,Лосьон RP024 Sea Solt,RP024,
Crumb,Лосьон RP024 Sea Solt,RP024,
Crumb,Гель для душу RP032 santal & cardamom,RP032,
Crumb,Гель для душу RP032 Floral wood,RP032,
Crumb,Гель для душу RP032 White Strawberry,RP032,
Crumb,крем для рук  Straewberry RP114,RP114,
ESTETICA,"Крем для рук з олією ши, кокосу, оливи та пом'якшувальними компонентами, RP025",RP025,
Injoy,Бальзам для губ,,
L005,"Магнієва сіль Epsom, 400 г",,
L041,"Трояндова міцелярна вода з шовком, 150 мл",,
L041,Міцелярна вода,,
L052,"Гідрофільна олія для очищення обличчя, 200 мл",,
L052,Гідрофільна олія для очищення обличчя,,
L052,Гідрофільна олія,,
L052,"Гідрофільна олія для зняття макіяжу олії, екстракт розмарину, шавлії, зеленого чаю, RP049",RP049,
L059,"фітомінеральний тонік LELIA, L059",,
L063,"Вершки для ванни ""Полуниця"", 320 г",,
L063,Вершки для ванни полуниця,,
L067,Олія для росту брів та вій Sofia,,
L067,"Олія для росту брів та вій Sofia, 3мл",,
L070,Зволожуюча сиворотка з гіалуроновою кислотою та олією бавовни,,
L070,Зволожуюча сиворотка з гіалуроновою кислотою та олією бавовни/ сироватка Гідра,,
L070,Сироватка Hydra L070,,
L085,"Антицилюлітна масажна олія для тіла, 100 мл",,
L094,"Бальзам для губ ""Полуниця"", 5 г",,
L094,бальзам для губ RP057 полуниця,RP057,
L095,Олія Жожоба,,
L097,Ефірна олія Евкаліпту,,
L100,Ефірна олія Чайного дерева,,
L103,Ефірна олія Лимона,,
L104,Ефірна олія Пачулі,,
L106,Ефірна олія Кориці,,
L137,Сквалан для обличчя,,
L137,Сквалан,,
L141,"Шампунь ""Шовковий"" для сухого та пошкодженого волосся, 275 мл",,
L141,"Шампунь ""Шовковий"" для сухого та пошкодженого волосся",,
L141,Шампунь чорний/шовковий,,
L143,"Шампунь ""Лавандовий"" для нормального волосся, 275 мл",,
L143,Шампунь Лавандовий/біла,,
L144,"Шампунь ""Розмариновий"" для жирного волосся",,
L144,"Шампунь ""Розмариновий"" для жирного волосся, 275 мл",,
L144,"безсульфатний шампунь проти випадіння волосся з ніацинамідом та пребіотиком, RP004",RP004,
L146,"RP060   Маска для волосся ""Живлення і зміцнення""",RP060,
L147,Бальзам-кондиціонер RP061,RP061,
L152,"Маска для волосся ""Відновлення""",,
L152,"Маска для волосся ""Відновлення"", 250 мл",,
L152,"Hair mask ""Відновлення"" (дерев'яна кришка + зелена смуга)",,
L179,Живильна сиворотка з вітаміном С та церамідами Rich,,
L210,"Дезодорант натуральний для тіла, 20 г",,
L210,"Дезодорант натуральний, RP038",RP038,
L211,Shimmer Body Milk (шимерне молочко для тіла) (100мл),,
L212,"Молочко для тіла з шиммером Gold, 100 мл",,
L215,Заспокійливий крем Calm,,
L215,"Заспокійливий крем Calm, 50 мл",,
L216,"Відновлюючий крем Retreat, 50 мл",,
L217,"Зволожуючий крем Hydra, 50 мл",,
L217,Зволожуючий крем Hydra,,
L217,Крем Hydra пробники,,
L217,Крем для обличчя Гідра,,
L218,"Поживний крем Rich, 50 мл",,
L234,"Гель з пребіотиком для очищення обличчя, 150 мл",,
L234,Гель з пребіотиком для очищення обличчя,,
L234,Гель з пребіотиком для очищення обличчя (пробнік),,
L234,Гель для вмивання (RP048),RP048,
L235,Тонік Calm,,
L236,Зволожуючий тонік Hydra,,
L236,"Зволожуючий тонік Hydra, 150 мл",,
L237,"Відновлююча сиворотка Retreat для обличчя, 30 мл",,
L238,"Батер для тіла ""Полуниця"", 100 мл",,
L238,"Батер для тіла ""Полуниця""",,
L238,Баттер для тіла полуниця,,
L238,"Крем-масло для тіла Body butter strawberry, Lunnitsa, RP023",RP023,
L246,Крем для шкіри навколо очей Nighr,,
L246,Крем під очі з бакучіолом,,
L247,"Крем для шкіри навколо очей Day, 15 мл",,
L247,Крем під очі з зеленим чаєм та гіалуроновою кислотою,,
L251,"Пінка для вмивання, 150 мл (L131)",,
L251,Пінка для вмивання,,
L251,Пінка для вмивання чутливої шкіри RP046,RP046,
L253,"Крем для рук з олією ши, кокосу, оливи та пом'якшувальними компонентами, RP025",RP025,
L253,"Крем для рук поживний, 75 мл",,
L253,"Hand cream поживний олія каріте, пантенол, Lunnitsa, RP025",RP025,
L254,"Крем-суфле для тіла зі скваланом, маслом ши та мигдальною олією, RP024",RP024,
L254,Крем-суфле,,
L270,"Бомбочки для ванн Троянда, Рудбекія",,
L280,спф крем (пробнік),,
L287,Скраб «Полуниця»,,
L287,"Скраб «Полуниця» Банка, 300 г",,
L287,"body scrab ""Strawberry"", RP118",RP118,
L295,Обгортання гаряче,,
L295,обгортування горяче,,
L295,Гаряче обгортання,,
L296,обгортування Холодне,,
L297,Гель для душу Полуниця 500 мл,,
L297,Гель для душу полуниця,,
L297,Гель для душу  RP032 Strawberry RP032,RP032,
L300,"тонік Retreat, 150 мл",,
L301,"тонік Rich, 150 мл",,
L301,тонік Rich,,
L311,"міні Гель для душу Полуниця, 30 мл",,
L332,"Магнієва сіль Epsom, 1000 г",,
L333,Точковий засіб Lelya,,
L334,Пілінг диски Lelya,,
L337,"Hand cream Strawberry, 50 мл, крем для рук",,
L338,"Hand cream Lavender, 50 мл , крем для рук",,
L339,"Hand cream Cherry Me, 50 мл , крем для рук",,
L347,Гель для душу евкаліпт м'ята,,
L347,Гель для душу евкаліпт,,
L347,Гель для душу евкаліпт+м'ята,,
L348,"Лосьойн для тіла евкаліпт, м'ята",,
L348,Body lotion крем-суфле encalyptus mint,,
L349,Скраб сольовий евкаліпт,,
L349,"body scrab ""Eucalyptus Mint"", RP070",RP070,
L350,"Крем для рук евкаліпт, м'ята",,
L350,Крем для рук евкаліпт+м'ята,,
L353,Гель для душу евкаліпт м'ята,,
L354,Скраб сольовий Евкаліпт,,
L354,Скраб сольовий евкаліпт м'ята,,
L357,Лосьйон для тіла Strawberry,,
L358,Гідрогелева маска для обличчя,,
L359,Глиняна маска для обличчя,,
L359,"Глиняна маска для обличчя пребіотик, броколі, ніацинамід, RP162",RP162,
L360,Ліпідна маска для обличчя,,
L360,"Ліпідна маска для обличчя, кераміди, шовк, екстракт моркви, RP014",RP014,
L361,Крем для рук strawberry,,
L362  L287,Скраб полуниця,,
L369,Shower gel mandarin basil (прозоре пакування (350мл)),,
L369,"Гель для душу мандарин базилік, RP032",RP032,
L369,"Shower Gel mandarin basil, RP032",RP032,
L369,Гель для душу RP032 Mandarin Basil,RP032,
L370,Body lotion крем-суфле mandarin basil,,
L370,"Body Lotion mandarin basil сквалан, олія кавунових кісточок, RP025",RP025,
L371,Body scrub mandarin basil (300г),,
L371,"body scrab ""Mandarin Basil"", RP070",RP070,
L372,hand cream mandarin basil (біле пакування з мандаринами),,
L372,"Hand cream ""Mandarin Basil"" RP025",RP025,
L380,гель для душу RP032 Poppy Vanilla,RP032,
L381,Hand cream Poppy Vanilla RP025,RP025,
L382,крем-суфле RP024 Poppy Vanila,RP024,
L383,Скраб сольовий RP070 Poppy Vanilla,RP070,
Love Loss,маска для губ RP188,RP188,
Luna Moon,"Крем з олією ши, кокосу, оливи та пом'якшувальними компонентами",,
Luna Moon,"Крем для рук з олією ши, кокосу, оливи та пом'якшувальними компонентами, RP025",RP025,
Luna Moon,"Крем для рук з олією ши, кокосу, оливи та помякшувальними компонентами, RP025",RP025,
M2O,Гель натуральний,,
M2O,"Гель-мило натуральне, RP117",RP117,
M2O,Гель-мило RP117,RP117,
MC002,Shampoo Milk Cream 50ml,,
MLN001,"SHAMPOO XTREME REPAIR шампунь, чорна етикетка, RP002",RP002,
MLN001,"SHAMPOO XTREME REPAIR шампунь, чорна етикетка - арб.пробнік, RP002",RP002,
MLN001,Shampoo xtreme repair RP002,RP002,
MLN050,"безсульфатний шампунь проти випадіння волосся з ніацинамідом та пребіотиком, RP004",RP004,
MLN002,"безсульфатний шампунь проти випадіння волосся з ніацинамідом та пребіотиком, RP004",RP004,
MLN003,"SHAMPOO HAIR BALANCE шампунь, біла етикетка, RP003",RP003,
MLN004,"BALM CONDSTSONER HAIR RESCUE, бальзам-кондиціонер , зелена, RP061",RP061,
MLN004,"BALM CONDSTSONER HAIR RESCUE, бальзам-кондиціонер , зелена етикетка, RP061",RP061,
MLN004                 MLN023,Бальзам-кондиціонер для волосся RP061,RP061,
MLN005,"CONDITIONER XTREME REPAIR, кондиціонер , чорна етикетка, RP064",RP064,
MLN005,"CONDITIONER XTREME REPAIR, кондиціонер , чорна, RP064",RP064,
MLN006,"MASK HAIR BALANCE, маска відновлююча, RP059",RP059,
MLN006,"MASK HAIR BALANCE, маска відновлююча, біла етикетка, RP059",RP059,
MLN006,"MASK HAIR BALANCE, маска відновлююча (50мл інша тара), RP059",RP059,
MLN007,"MASK HAIR RESCUE, маска інтенсивна, RP060",RP060,
MLN007,"MASK HAIR RESCUE, маска інтенсивна, зелена етикетка, RP060",RP060,
MLN008,Спрей для стимуляціі росту волосся,,
MLN009,"AHA SCALP PEEL, кислотний пілінг для шкіри голови, біла етикетка, RP019",RP019,
MLN009,"Кислотний пілінг для шкіри голови, RP019",RP019,
MLN021,"Безсульфатний шампунь проти випадіння волосся, tester 50 ml SHAMPOO HAIR RESCUE",,
MLN021,"tester 50 ml SHAMPOO HAIR RESCUE, RP004",RP004,
MLN022,tester 50 ml SHAMPOO HAIR BALANCE,,
MLN022,"shampoo hair balance (біла етикетка), RP003",RP003,
MLN024,"tester 50 ml CONDITIONER XTREME REPAIR, кондиціонер , чорна етикетка",,
MLN024,"CONDITIONER XTREME REPAIR, кондиціонер , чорна етикетка",,
MLN025,"tester 50 ml MASK HAIR BALANCE, біла етикетка",,
MLN025,"tester 50 ml MASK HAIR BALANCE, біла",,
MLN025,"MASK HAIR BALANCE, відновлювальна маска з кератином і гідроліз.шовку, RP059",RP059,
MLN026,"tester 50 ml MASK HAIR RESCUE, зелена етикетка",,
MLN026,"MASK HAIR RESCUE, зелена етикетка",,
MLN027,tester 50 ml Спрей для стимуляціі росту волосся,,
MLN027,Спрей для стимуляціі росту волосся,,
MLN027,"tester 50 ml Спрей для стимуляціі росту волосся, tester 50 ml",,
MLN027,"anti-loss hair spray, спрей проти випадіння волосся, RP018",RP018,
MLN028,Кислотний пілінг для шкіри голови,,
MLN028,tester 50 ml Кислотний пілінг для шкіри голови,,
MLN028,"tester Кислотний пілінг для шкіри голови, RP019",RP019,
MLN040,"Флюїд для волосся, MELONI CRYSTALS, 30 ml, RP020",RP020,
MLN041,"Термозащита, RP021",RP021,
MLN041,"hair thermal protection spray, спрей-термозахист для волосся (чорна етикетка), RP021",RP021,
MLN043,Термозащита tester,,
MLN043,"Hair thermal protection spray, RP021",RP021,
MLN043,"Термозахист для волосся, MELONI HAIR THERMAL PROTECTION SPRAY, RP021",RP021,
MLN048,Anti Dandruff tester 50 ml,,
MLN049,"SHAMPOO XTREME REPAIR, 250 ml",RP002,
MLN051,"Shampoo HAIR BALANCE, tester",,
MLN052,"Anti Dandruff 250 ml, RP001",RP001,
MLN053,"Крем термозахист для волосся, MELONI HAIR CREAM THERMAL PROTECTION, 100 ML RP022",RP022,
MLN053,"Крем термозахист lдля волосся, MELONI HAIR CREAM THERMAL PROTECTION, 100 ML, RP022",RP022,
MLN053,"hair cream thermal protection (100ml), RP022",RP022,
MLN053,"hair cream thermal protection (100ml) (біла етикетка), RP022",RP022,
MLN054,"Rosemary Tonic 100 ml, RP062",RP062,
MLN054,"Rosemary Tonic, RP062",RP062,
MLN054,RP062 Тонік розмариновий для волосся,RP062,
MLN055,"Шампунь для волосся глибокого очищення, Meloni Deep Cleansing Shampoo, 250 ml, RP017",RP017,
MLN055,Shampoo deep cleansing RP017,RP017,
MLN070,"MASK HAIR XTREME REPAIR, маска , чорна, RP010",RP010,
MLN070,"MASK HAIR XTREME REPAIR, маска , чорна етикетка, RP010",RP010,
MLN072,"Полунична есенція-ополіскувач для волосся MELONI Strawberrry Hair Vinegar, 450 ml, RP138",RP138,
MLN073,"Маска ліпідна для волосся 299, RP111",RP111,
MLN073,"Ліпідна маска для волосся, RP111",RP111,
MLN073,"Ліпідна маска для волосся,  RP111",RP111,
MLN074,"Ензимна пудра для шкіри голови, MELONI BOOST INTENSE ENZYME POWDER, 50 gr, RP134",RP134,
MLN078,"Шампунь для волосся зволожувальний MELONI BOOST INTENSE SHAMPOO, RP136",RP136,
MLN079,"Кондиціонер для волосся зволожувальний MELONI BOOST INTENSE CONDITIONER, RP137",RP137,
MLN080,"Маска для волосся ліпідна MELONI LIPID MASK BOOST INTENSE, RP111",RP111,
Moli,hand cream (ламілярний лосьйон),,
OASIS001,Крем для рук Dama Bianca Xerjoff сіра етикетка,,
OASIS002,"Крем для рук Dama Bianca Xerjoff, RP065",RP065,
OASIS002,Крем для рук сіра етикетка Dama Bianca Xerjoff,,
OASIS002,"Hand Cream , kumquat, italian iris, white musk, RP065",RP065,
OASIS0026,"Крем для рук мандарин, бпзилік, сандал, біла етикетка зелений текст, RP065",RP065,
OASIS004,"Крем для рук Green Tea Elizabeth Arden зелена етикетка, RP065",RP065,
OASIS004,Крем для рук Green Tea Elizabeth Arden зелена етикетка,,
OASIS004,Крем для рук зелена етикетка Green Tea Elizabeth Arden,,
OASIS004,Крем для рук зелена етикетка Green Tea Elizabeth Arden RP065,RP065,
OASIS005,"Крем для рук Eclat d’Arpège Lanvin, RP065",RP065,
OASIS006,"Hand Cream peony, peach blossom, osmanthus, RP065",RP065,
OASIS007,"Hand Cream black cherry, tonta beans, vetiver, RP065",RP065,
OASIS007,"крем для рук Oasis ""blak cherry tonka beans vetiver"" RP065",RP065,
OASIS008,"Hand Cream  рожева, борд текст, RP065",RP065,
OASIS008,"Крем для рук Lost Cherry Tom Ford, RP065",RP065,
OASIS008,"Hand Cream Lost Cherry Tom Ford, RP065",RP065,
OASIS008,Крем для рук рожева етикетка Lost Cherry Tom Ford,,
OASIS008,"Крем для рук Lost Cherry Tom Ford, рожева, борд текст, RP065",RP065,
OASIS008,"Hand cream black cherry, tonka beans, vetiver/Крем для рук OASIS з нішевим ароматом, RP065",RP065,
OASIS008,"крем для рук Oasis ""blak cherry tonka beans vetiver"" RP065",RP065,
OASIS009,"Крем для рук Вaccarat Rouge 540, RP065",RP065,
OASIS009,"Hand Cream saffron, amberwood, cedar, RP065",RP065,
OASIS010,"Hand Cream рожева, червон текст, RP065",RP065,
OASIS010,"Крем для рук Вaccarat Rouge 540, рожева, червон текст, RP065",RP065,
OASIS010,"Крем для рук OASIS з нішевим ароматом, RP065 (рожева, червон текст)",RP065,
OASIS010,"крем для рук Oasis ""Saffron ambrwoodcedar"" RP065",RP065,
OASIS012,"Hand Cream чорна етикетка, RP065",RP065,
OASIS012,"Крем для рук OASIS з нішевим ароматом, RP065 (чорна етикетка, passion fruit, sandalwood, patchouli)",RP065,
OASIS012,"Hand Cream passion fruit, sandalwood, patchouli, RP065",RP065,
OASIS012,"крем для рук Oasis ""passion fruit sandalwood patchouli"" RP065",RP065,
OASIS013,"Hand & Body Wash Dama Bianca Xerjoff сіра етикетка, RP032",RP032,
OASIS013,"Гель для тіла Dama Bianca Xerjoff сіра етикетка, RP032",RP032,
OASIS013,Hand & Body Wash Dama Bianca Xerjoff сіра етикетка,,
OASIS013,"Hand\&body wash kumquat, italian iris, white musk, RP032",RP032,
OASIS014,"Hand & Body Wash Green Tea Elizabeth Arden зелена етикетка, RP032",RP032,
OASIS014,Hand & Body Wash Green Tea Elizabeth Arden зелена етикетка,,
OASIS014,"Hand\&body wash green tea, white ambra, bergamot, RP032",RP032,
OASIS015,"Hand & Body Wash Eclat d’Arpège Lanvin фіолет етикетка, RP032",RP032,
OASIS015,"Гель для тіла Eclat d’Arpège Lanvin фіолетова етикетка, RP032",RP032,
OASIS015,Hand & Body Wash Eclat d’Arpège Lanvin фіолет етикетка,,
OASIS016,"Гель для душу OASIS Tom Ford вишня, 300 ml, RP032",RP032,
OASIS016,"Гель для рук і тіла Lost Cherry Tom Ford, RP032",RP032,
OASIS016,"Гель для рук і тіла рожева, борд текст, Lost Cherry Tom Ford, RP032",RP032,
OASIS016,"Hand & Body Wash Lost Cherry Tom Ford гель для рук і тіла рожева, борд текст, RP032",RP032,
OASIS016,"Hand & Body Wash/Гель для душу том форд, рожева, борд текст,  Lost Cherry Tom Ford",,
OASIS017,"Гель для  рук і тіла Вaccarat Rouge 540, RP032",RP032,
OASIS017,"Hand & Body Wash Вaccarat Rouge 540 рожева, червон текст, RP032",RP032,
OASIS017,"Гель для рук та тіла Вaccarat Rouge 540 рожева етикетка червоний текст, RP032",RP032,
OASIS018,"Гель для рук і тіла чорна етикетка, Kirke Tiziana Terenzi, RP032",RP032,
OASIS018,"Hand\&body wash passion fruit, sandalwood, patchouli, RP032",RP032,
OASIS019,"Крем для рук Oasis Ganymede золото 300 ml, RP065",RP065,
OASIS019,"Hand Cream saffron, minerals, suede, RP065",RP065,
OASIS020,крем для рук Oasis Ganymede золото 30 ml RP065,RP065,
OASIS020,"Крем для рук шафран, мінерали, suede, RP065",RP065,
OASIS020,"крем для рук Oasis Ganymede золото 30 ml, RP065",RP065,
OASIS020,"Hand cream saffron, minerals, suede/Крем для рук OASIS з нішевим ароматом, RP065",RP065,
OASIS021,"Гель для душу Oasis Ganymede золото 300 ml, RP032",RP032,
OASIS021,"Гель для рук і тіла saffron, minerals, suede, RP032",RP032,
OASIS021,"Hand & Body Wash коричнева етикетка (ганимет), RP032",RP032,
OASIS021,"Гель для тіла saffron, minerals, suede гірчична етикетка",,
OASIS021,"Hand\&body wash safron, minerals, suede, RP032",RP032,
OASIS021,"Hand\&body wash saffron, minerals, suede, RP032",RP032,
OASIS026,"Крем для рук mandarine, basilic, sandal біла етикетка",,
OASIS026,"Крем для рук біла етикетка мандарин, базилік, сандал",,
OASIS027,"Hand & Body Wash біла етикетка зелений текст, RP032",RP032,
OASIS027,"Гель для тіла mandarine, basilic, sandal біла етикетка",,
Oila,"Сироватка-міорелаксант Ламелярна з пептидами та кислотами, 30 мл Oila RP170",RP170,
One love,Бальзам для губ кава (жовте пакування),,
Pinky,"Скраб для тіла coconut marshmallow,  RP028",RP028,
Pinky,"Скраб для тіла cookies,  RP028",RP028,
Pinky,"крем маска для рук з пантенолом RP121 ""Eclair""",RP121,
Pinky,"крем маска для рук з пантенолом RP121 ""Cookis""",RP121,
Pinky,"крем для рук з пантенолом RP121 ""Coconut marshmallow""",RP121,
Pinky,крем для рук Tiramisu RP121,RP121,
Pinky,скраб для тіла Tiramisu RP028,RP028,
Pinky,Крем-маска Eclair RP025,RP025,
Pinky,скпаб для тіла Eclair RP028,RP028,
Pinky,скраб для тіла Eclair RP028,RP028,
Pinky,скраб для тіла Strawberry RP028,RP028,
Pinky,крем для рук Весна RP121                                                                                                   крем для рук Липа  RP121                                                                                                         крем для рук Сон RP121                                                                                                   крем для рук Садок RP121,RP121,
Pinky,"Крем для рук ""Сон"" RP121",RP121,
Pinky,"Крем для рук ""Садок"" RP121",RP121,
Pinky,"Крем для рук ""Весна"" RP121",RP121,
Pinky,"Крем для рук ""Липа"" RP121",RP121,
Pinky,Крем для рук RP121 Полуниця,RP121,
Pinky,Крем для рук RP121 Тірамісу,RP121,
Pinky,крем-маска Eclair RP025,RP025,
Pinky,Кремдля рук 1,RP121,
Pinky,Кремдля рук 2,RP122,
Pinky,Кремдля рук 3,RP123,
Pinky,Кремдля рук 4,RP124,
Pinky,Кремдля рук 5,RP125,
Pinky,Крем-маска нічна для рук/ крем поживний,,
Plis Me,Інтимний гель,,
Plis Me,Крем ліфтинг для інтимних зон ( intimate cream moistuzising ),RP164,
Plis Me,Intimate deo Wood\&Sea (блакитна наліпка),,
Plis Me,Intimate deo (біла наліпка),,
Plis Me,Intimate deo Ferment 5 (рожева наліпка),,
Plis Me,"Intimate gel dermoliquide/дезодоруючий профілактичний гель для інтимної гігієни, RP169",RP169,
Plis Me,"Лубрикант Plis me, поживний 531-2, RP183",RP183,
Plis Me,"Лубрикант Plis me, зволожуючий 531-3, RP182",RP182,
Plis Me,Рідкий дезодорант RP168,RP168,
Plis Me,Крем для інтимних зон відбілюючий RP205,RP205,
Plis Me,Гель для інтимної гігієни антибактеріальний RP201 (без аромату),RP201,
Plis Me,Гель для інтимної гігієни дезедеруючий RP202 (без аромату),RP202,
Plis Me,Гель для інтимної гігієни дезедеруючий RP202,RP202,
Plis Me,Гель для інтимної гігієни антибактеріальний RP201,RP201,
Plis Me,Парфумований спрей для текстилю RP200  Fabian,RP200,
Plis Me,Парфумований спрей для текстилю RP200 Another 10,RP200,
Plis Me,Парфумований спрей для текстилю RP200 Adrenalina,RP200,
S002,Скраб Ягодный микс,,
S003,Скраб Радуга,,
S004,Скраб Клубника,,
S014,Шиммер Pink,,
S022,"Скраб для тіла ""Sorbet Scrub Love is..."" 310 гр",,
S022,"Sorber scrub Sovka skincare, RP094",RP094,
S032,"Баттер ""Body Butter Fruit Rainbow""",,
S033,"Сіль для ванни ""Very Berry""",,
S033,"Сіль для ванни ""Alfonso Mango""",,
S033,"bubble salt ""alfonso mango"", RP077-1/RP077-2",RP077,
S034,"Сіль для ванни ""Very Berry""",,
S034,"Сіль для ванни ""Alfonso Mango""",,
S034,"bubble salt ""verry berry"", RP076-1/RP076-2",RP076,
S035,"Сіль для ванни ""Love is...""",,
S054,Суха піна манго,,
S054,Суха піна для ванни манго,,
S054,"Піна Bubble Bar ""Alfonso Mango"", RP074-1, RP074-2",RP074,
S055,"Піна Bubble Bar ""Rainbow""",,
S055,Тверда піна для ванни  rainbow,,
S056,"Піна Bubble Bar ""Love is...""",,
S056,"Піна Bubble Bar ""Love is..."", RP074-1, RP074-2",RP074,
S058,"Гель для душу ""Fruit Rainbow"" 500 мл",,
S066,Сіль для Ванни Радуга Salt Rainbow,,
S069,Сіль для Ванни  Salt Barbie,,
S069,Сіль для ванни Барбі (RP080),RP080,
S069,"babble salt ""barbie"", RP080-1/RP-80-2",RP080,
S071,Скраб Барбі,,
S087,"spa bomb ""alfonso mango"", RP031",RP031,
S088,Spa bomb very Berry,,
S090,Spa bomb Apple lime,,
S090,SPA BOMB APPLE LIME  бомбочка для ванної,,
S093,Shower Foam Fruit Rainbow 200 ml,,
S100,Perfumed Deodorant Mojito,,
S101,Perfumed Deodorant Lost Cherry,,
S107,Крем для рук rainbow,,
S109,Hand Cream Lost Cherry,,
Sisters,"Крем-суфле для тіла зі скваланом, маслом ши та мигдальною олією, RP024",RP024,
Sisters,Hend cream MOISTURIZING RP024,RP024,
Sovka,Bubble Salt S066 RP029,RP029,
Азаренко,Батер 1002273,,
Акименко,"Amoravi спрей F16 ефект 16 дій, RP185",RP185,
Акименко,"Amoravi multivitamin spray-mask,  RP185",RP185,
Акименко,"Amoravi gentle hair milk, RP185",RP185,
Березовський,Крем каштан Києва,,
Березовський,Крем одержима,,
Березовський,"крем для рук RP065 ""Необхідна""",RP065,
Божко,"Крем-суфле для тіла зі скваланом, маслом ши та мигдальною олією, RP024 гранат",RP024,
Божко,"Крем-суфле для тіла зі скваланом, маслом ши та мигдальною олією, RP024",RP024,
Буш Фарм,Крем для лиця,,
Буш Фарм,Пінка для вмивання,,
Буш Фарм,Скраб лаванда,,
Буш Фарм,Шампунь,,
Буш Фарм,Кондиціонер,,
Буш Фарм,Крем для обличчя,,
Буш Фарм,"Крем для рук з олією ши, кокосу, оливи та пом'якшувальними компонентами, RP025",RP025,
Буш Фарм,натуральне гель-мило (металева баночка),,
Буш Фарм,Твердий шампунь,,
Буш Фарм,Крем для обличчя/Aqua Face cream,,
Буш Фарм,"безсульфатний шампунь проти випадіння волосся з ніацинамідом та пребіотиком, RP004",RP004,
Буш Фарм,Бальзам-кондиціонер,,
Біда Єгор,Гель для душу Velonia,,
Біда Єгор,Гель для душу Salvyn,,
Біда Єгор,Гель для душу Rumbra,,
Біда Єгор,Скраб сольовий boom bergamot,,
Біда Єгор,Скраб сольовий sandal veil,,
Біда Єгор,Шампунь авокадо Pamela all,,
Біда Єгор,Шампунь авокадо Kili girl,,
Біда Єгор,Кондиціонер авокадо Pamela all,,
Біда Єгор,Кондиціонер авокадо Kili girl,,
Войтенко,Love Loss Sugar\&Smoke Body wash,,
Войтенко,Маска для губ RP188,RP188,
Войтенко,Крем для тіла angel share,,
Войтенко,Крем для тіла tom ford,,
Ніка Земляніка,Краплі для засмаги RP198,RP198,
Глоба Надія,Масажна олія (RP039),RP039,
Глоба Надія,"Professional hair growth tonic rosemary-eucalyptus, Esperanza, RP062",RP062,
Дегтярьова,"Гель для душу, RP032",RP032,
Дегтярьова,"Шампунь Avocado + Collagen, RP014",RP014,
Дегтярьова,Гель для душу RP032,RP032,
Дегтярьова,Шамрунь авокадо колаген RP014,RP014,
Дегтярьова,"Крем-суфле для тіла зі скваланом, маслом ши та мигдальною олією, RP024",RP024,
Запольська,Термогель Персик,,
Калушка,Маска аргана+кератин,,
Калушка,Крем SPF15,,
Калушка,Крем SPF для обличчя RP126,RP126,
Каражей,Спрей термозахист Another le sabo,,
Каражей,Спрей термозахист флер наркотик,,
контракт,Гідрогель трояндовий,,
Корж,Маска макадамія,,
Корж,Кондиціонер макадамія,,
Корж,Шампунь макадамія,,
Костюк,Маска ліпідна для волосся 299,,
Костюк,Шампунь з макадамією і омега-комплексом,,
Костюк,Шампунь з протеїнами і аргановою олією,,
Костюк,Пінка ензимна,,
Костюк,Restored condition with biotin & muru muru oil  RP137,RP137,
Костюк,Balm conditioner with prebiotic RP061,RP061,
Костюк,Незмивна мультімаска 15 в 1 RP185,RP185,
Крамаренко,Крем поживний перски,,
Крамаренко,Крем поживний полуниця,,
Крамаренко,Бальзам для губ манго,,
Крамаренко,Lip oil вишня,,
Крамаренко,Бальзам для губ полуничний,,
Крамаренко,Бальзам для гб карамель,,
Крамаренко,Бальзам для губ полуниця,,
Крамаренко,бальзам для губ RP057 карамель,RP057,
Крамаренко,бальзам для губ RP057 полуниця,RP057,
Кринична,"Крем-суфле для тіла зі скваланом, маслом ши та мигдальною олією, RP024",RP024,
Кринична,Шампунь з ментолом лист м'яти,,
Кринична,Шампунь з шимером,,
Кринична,Гель з шимером,,
Кринична,Спрей термозахист,,
Кузьменко,Пінка для вмивання,,
Лариси,Маска Аргана,,
Лариси,"Крем для рук з олією ши, кокосу, оливи та пом'якшувальними компонентами, RP025",RP025,
Лариси,крем поживний RP025,RP025,
Лисенко,Крем-суфле Amber noir,,
Лисенко,Крем-суфле Flannel,,
Лисенко,Крем-суфле Dark Amber,,
Лисенко,Крем-суфле Apricot grove,,
Лисенко,Крем СПФ 50,,
Лисенко,"Крем-суфле для тіла зі скваланом, маслом ши та мигдальною олією, RP024/крем для рук flannel",RP024,
Лисенко,"Крем-суфле для тіла зі скваланом, маслом ши та мигдальною олією, RP024/крем для рук dark amber",RP024,
Лисенко,"Крем-суфле для тіла зі скваланом, маслом ши та мигдальною олією, RP024/крем для рук apricot",RP024,
Лисенко,"Крем-суфле для тіла зі скваланом, маслом ши та мигдальною олією, RP024/крем для рук amber noir",RP024,
Лисенко,"Крем для рук Незламність Makmalvy, RP177",RP177,
Лисенко,"Крем для рук Віра Makmalvy, RP177",RP177,
Лисенко,"Крем для рук Воля Makmalvy, RP177",RP177,
Лисенко,"Крем для рук Перемога Makmalvy, RP177",RP177,
Лисенко,Крем SPF для обличчя RP126,RP126,
Pinky,Гель кокос маршмелоу,,
Pinky,Гель лимон капкейк,,
Pinky,Крем для рук лимон капкейк,,
Pinky,Крем для рук кокос маршмелоу,,
Pinky,Скраб лимон капкейк цукровий,,
Pinky,Скраб кокос маршмелоу цукровий,,
